ID	Allele	Annotation	Annotation_Impact	Gene_Name	Gene_ID	Feature_Type	Feature_ID	Transcript_BioType
S01_15431375	G	upstream_gene_variant	MODIFIER	SORBI_3001G182200	SORBI_3001G182200	transcript	KXG38115	protein_coding
S01_15462593	C	downstream_gene_variant	MODIFIER	SORBI_3001G182400	SORBI_3001G182400	transcript	KXG38117	protein_coding
S01_25299109	A	downstream_gene_variant	MODIFIER	SORBI_3001G243666	SORBI_3001G243666	transcript	OQU91752	protein_coding
S01_52592861	G	downstream_gene_variant	MODIFIER	SORBI_3001G272300	SORBI_3001G272300	transcript	KXG38733	protein_coding
S01_74744901	A	upstream_gene_variant	MODIFIER	SORBI_3001G475200	SORBI_3001G475200	transcript	EER92722	protein_coding
S01_77409153	T	upstream_gene_variant	MODIFIER	SORBI_3001G506033	SORBI_3001G506033	transcript	OQU93242	protein_coding
S01_80084493	C	upstream_gene_variant	MODIFIER	SORBI_3001G538100	SORBI_3001G538100	transcript	EER95672	protein_coding
S02_20242822	G	upstream_gene_variant	MODIFIER	SORBI_3002G135500	SORBI_3002G135500	transcript	KXG35125	protein_coding
S02_20912485	T	downstream_gene_variant	MODIFIER	SORBI_3002G137300	SORBI_3002G137300	transcript	EER96376	protein_coding
S02_29158487	T	intergenic_region	MODIFIER	SORBI_3002G146000-SORBI_3002G146100	SORBI_3002G146000-SORBI_3002G146100	intergenic_region	SORBI_3002G146000-SORBI_3002G146100	
S02_29715409	C	intergenic_region	MODIFIER	SORBI_3002G146400-SORBI_3002G146501	SORBI_3002G146400-SORBI_3002G146501	intergenic_region	SORBI_3002G146400-SORBI_3002G146501	
S02_46733037	G	intergenic_region	MODIFIER	SORBI_3002G154000-SORBI_3002G154100	SORBI_3002G154000-SORBI_3002G154100	intergenic_region	SORBI_3002G154000-SORBI_3002G154100	
S02_72973286	A	upstream_gene_variant	MODIFIER	SORBI_3002G370800	SORBI_3002G370800	transcript	EER99688	protein_coding
S03_53433817	A	upstream_gene_variant	MODIFIER	SORBI_3003G204400	SORBI_3003G204400	transcript	KXG32805	protein_coding
S04_10981940	C	intergenic_region	MODIFIER	SORBI_3004G111400-SORBI_3004G111500	SORBI_3004G111400-SORBI_3004G111500	intergenic_region	SORBI_3004G111400-SORBI_3004G111500	
S04_15184700	T	intergenic_region	MODIFIER	SORBI_3004G126700-SORBI_3004G126900	SORBI_3004G126700-SORBI_3004G126900	intergenic_region	SORBI_3004G126700-SORBI_3004G126900	
S04_33750606	A	intergenic_region	MODIFIER	SORBI_3004G135700-SORBI_3004G135800	SORBI_3004G135700-SORBI_3004G135800	intergenic_region	SORBI_3004G135700-SORBI_3004G135800	
S04_35252218	T	intergenic_region	MODIFIER	SORBI_3004G136366-SORBI_3004G136400	SORBI_3004G136366-SORBI_3004G136400	intergenic_region	SORBI_3004G136366-SORBI_3004G136400	
S04_41975953	C	intergenic_region	MODIFIER	SORBI_3004G142000-SORBI_3004G142201	SORBI_3004G142000-SORBI_3004G142201	intergenic_region	SORBI_3004G142000-SORBI_3004G142201	
S04_42269456	C	intergenic_region	MODIFIER	SORBI_3004G142700-SORBI_3004G142800	SORBI_3004G142700-SORBI_3004G142800	intergenic_region	SORBI_3004G142700-SORBI_3004G142800	
S04_65247351	C	upstream_gene_variant	MODIFIER	SORBI_3004G316600	SORBI_3004G316600	transcript	EES07620	protein_coding
S05_17563698	C	intergenic_region	MODIFIER	SORBI_3005G101850-SORBI_3005G101900	SORBI_3005G101850-SORBI_3005G101900	intergenic_region	SORBI_3005G101850-SORBI_3005G101900	
S05_39340999	C	intergenic_region	MODIFIER	SORBI_3005G112700-SORBI_3005G112800	SORBI_3005G112700-SORBI_3005G112800	intergenic_region	SORBI_3005G112700-SORBI_3005G112800	
S05_42518181	A	intergenic_region	MODIFIER	SORBI_3005G114101-SORBI_3005G114201	SORBI_3005G114101-SORBI_3005G114201	intergenic_region	SORBI_3005G114101-SORBI_3005G114201	
S05_47579102	G	intergenic_region	MODIFIER	SORBI_3005G115200-SORBI_3005G115300	SORBI_3005G115200-SORBI_3005G115300	intergenic_region	SORBI_3005G115200-SORBI_3005G115300	
S05_55873894	C	intergenic_region	MODIFIER	SORBI_3005G129000-SORBI_3005G129100	SORBI_3005G129000-SORBI_3005G129100	intergenic_region	SORBI_3005G129000-SORBI_3005G129100	
S05_56923267	TA	intergenic_region	MODIFIER	SORBI_3005G130600-SORBI_3005G130700	SORBI_3005G130600-SORBI_3005G130700	intergenic_region	SORBI_3005G130600-SORBI_3005G130700	
S05_57081667	T	intergenic_region	MODIFIER	SORBI_3005G130700-SORBI_3005G130800	SORBI_3005G130700-SORBI_3005G130800	intergenic_region	SORBI_3005G130700-SORBI_3005G130800	
S05_71842769	A	intergenic_region	MODIFIER	SORBI_3005G232200-CHR_END	SORBI_3005G232200-CHR_END	intergenic_region	SORBI_3005G232200-CHR_END	
S06_10158137	C	intergenic_region	MODIFIER	SORBI_3006G034800-SORBI_3006G034900	SORBI_3006G034800-SORBI_3006G034900	intergenic_region	SORBI_3006G034800-SORBI_3006G034900	
S06_16226239	T	intergenic_region	MODIFIER	SORBI_3006G038500-SORBI_3006G038700	SORBI_3006G038500-SORBI_3006G038700	intergenic_region	SORBI_3006G038500-SORBI_3006G038700	
S06_17840082	T	intergenic_region	MODIFIER	SORBI_3006G039400-SORBI_3006G039500	SORBI_3006G039400-SORBI_3006G039500	intergenic_region	SORBI_3006G039400-SORBI_3006G039500	
S06_27508373	G	intergenic_region	MODIFIER	SORBI_3006G041700-SORBI_3006G041750	SORBI_3006G041700-SORBI_3006G041750	intergenic_region	SORBI_3006G041700-SORBI_3006G041750	
S06_35114426	C	intergenic_region	MODIFIER	SORBI_3006G048775-SORBI_3006G048850	SORBI_3006G048775-SORBI_3006G048850	intergenic_region	SORBI_3006G048775-SORBI_3006G048850	
S06_37964159	G	intergenic_region	MODIFIER	SORBI_3006G050800-SORBI_3006G050900	SORBI_3006G050800-SORBI_3006G050900	intergenic_region	SORBI_3006G050800-SORBI_3006G050900	
S06_58675347	T	intron_variant	MODIFIER	SORBI_3006G247500	SORBI_3006G247500	transcript	OQU82481	protein_coding
S07_14004420	C	intergenic_region	MODIFIER	SORBI_3007G090463-SORBI_3007G090466	SORBI_3007G090463-SORBI_3007G090466	intergenic_region	SORBI_3007G090463-SORBI_3007G090466	
S07_37133785	T	intergenic_region	MODIFIER	SORBI_3007G104866-SORBI_3007G104932	SORBI_3007G104866-SORBI_3007G104932	intergenic_region	SORBI_3007G104866-SORBI_3007G104932	
S08_6143718	C	downstream_gene_variant	MODIFIER	SORBI_3008G058500	SORBI_3008G058500	transcript	KXG23118	protein_coding
S08_41539392	G	intergenic_region	MODIFIER	SORBI_3008G092800-SORBI_3008G092866	SORBI_3008G092800-SORBI_3008G092866	intergenic_region	SORBI_3008G092800-SORBI_3008G092866	
S08_48686327	C	intergenic_region	MODIFIER	SORBI_3008G102532-SORBI_3008G102600	SORBI_3008G102532-SORBI_3008G102600	intergenic_region	SORBI_3008G102532-SORBI_3008G102600	
S08_56884109	T	intergenic_region	MODIFIER	SORBI_3008G139100-SORBI_3008G139200	SORBI_3008G139100-SORBI_3008G139200	intergenic_region	SORBI_3008G139100-SORBI_3008G139200	
S09_25217724	A	intergenic_region	MODIFIER	SORBI_3009G094600-SORBI_3009G094700	SORBI_3009G094600-SORBI_3009G094700	intergenic_region	SORBI_3009G094600-SORBI_3009G094700	
S09_32248689	A	intergenic_region	MODIFIER	SORBI_3009G095800-SORBI_3009G096100	SORBI_3009G095800-SORBI_3009G096100	intergenic_region	SORBI_3009G095800-SORBI_3009G096100	
S09_37284538	G	intergenic_region	MODIFIER	SORBI_3009G098601-SORBI_3009G098700	SORBI_3009G098601-SORBI_3009G098700	intergenic_region	SORBI_3009G098601-SORBI_3009G098700	
S09_45077058	AC	intergenic_region	MODIFIER	U5-SORBI_3009G112450	ENSRNA049481000-SORBI_3009G112450	intergenic_region	ENSRNA049481000-SORBI_3009G112450	
S10_25283304	A	intergenic_region	MODIFIER	SORBI_3010G139600-SORBI_3010G140100	SORBI_3010G139600-SORBI_3010G140100	intergenic_region	SORBI_3010G139600-SORBI_3010G140100	
S10_28256307	T	intergenic_region	MODIFIER	SORBI_3010G140600-SORBI_3010G140700	SORBI_3010G140600-SORBI_3010G140700	intergenic_region	SORBI_3010G140600-SORBI_3010G140700	
S10_33292127	G	intergenic_region	MODIFIER	SORBI_3010G140800-SORBI_3010G141001	SORBI_3010G140800-SORBI_3010G141001	intergenic_region	SORBI_3010G140800-SORBI_3010G141001	
SSUPER_36_60691	C		MODIFIER					
