ID	CHROM	POS	REF	Allele	Annotation	Annotation_Impact	Gene_Name	Gene_ID	Feature_Type	Feature_ID	Transcript_BioType
S10_3855387	10	3855387	T	A	upstream_gene_variant	MODIFIER	SORBI_3010G050000	SORBI_3010G050000			
S10_6241670	10	6241670	T	G	downstream_gene_variant	MODIFIER	SORBI_3010G076100	SORBI_3010G076100			
S10_7285259	10	7285259	G	T	upstream_gene_variant	MODIFIER	SORBI_3010G085200	SORBI_3010G085200			
S10_7488096	10	7488096	A	G	5_prime_UTR_variant	MODIFIER	SORBI_3010G087300	SORBI_3010G087300			
S10_7607786	10	7607786	C	T	upstream_gene_variant	MODIFIER	SORBI_3010G088800	SORBI_3010G088800			
S10_7745051	10	7745051	C	T	intergenic_region	MODIFIER	SORBI_3010G089600-SORBI_3010G089700	SORBI_3010G089600-SORBI_3010G089700			
S10_9060160	10	9060160	T	C	upstream_gene_variant	MODIFIER	SORBI_3010G100000	SORBI_3010G100000			
S10_9183533	10	9183533	A	G	intergenic_region	MODIFIER	SORBI_3010G100300-SORBI_3010G100516	SORBI_3010G100300-SORBI_3010G100516			
S10_10527659	10	10527659	T	C	intergenic_region	MODIFIER	SORBI_3010G107100-SORBI_3010G107200	SORBI_3010G107100-SORBI_3010G107200			
S10_10745232	10	10745232	T	C	downstream_gene_variant	MODIFIER	SORBI_3010G108301	SORBI_3010G108301			
S10_11602866	10	11602866	G	A	intergenic_region	MODIFIER	SORBI_3010G112300-SORBI_3010G112401	SORBI_3010G112300-SORBI_3010G112401			
S10_12409920	10	12409920	G	A	downstream_gene_variant	MODIFIER	SORBI_3010G116100	SORBI_3010G116100			
S10_14238057	10	14238057	T	A	intergenic_region	MODIFIER	SORBI_3010G122400-SORBI_3010G122533	SORBI_3010G122400-SORBI_3010G122533			
S10_14315076	10	14315076	A	G	intergenic_region	MODIFIER	SORBI_3010G122400-SORBI_3010G122533	SORBI_3010G122400-SORBI_3010G122533			
S10_14377755	10	14377755	A	G	intergenic_region	MODIFIER	SORBI_3010G122533-SORBI_3010G122666	SORBI_3010G122533-SORBI_3010G122666			
S10_14764205	10	14764205	A	G	intergenic_region	MODIFIER	SORBI_3010G123800-SORBI_3010G123901	SORBI_3010G123800-SORBI_3010G123901			
S10_14885865	10	14885865	C	T	intergenic_region	MODIFIER	SORBI_3010G124166-SORBI_3010G124200	SORBI_3010G124166-SORBI_3010G124200			
S10_16378936	10	16378936	C	T	downstream_gene_variant	MODIFIER	SORBI_3010G127800	SORBI_3010G127800			
S10_17862863	10	17862863	T	G	intergenic_region	MODIFIER	SORBI_3010G130700-SORBI_3010G130800	SORBI_3010G130700-SORBI_3010G130800			
S10_18597829	10	18597829	T	G	intergenic_region	MODIFIER	SORBI_3010G133000-SORBI_3010G133100	SORBI_3010G133000-SORBI_3010G133100			
S10_18772793	10	18772793	A	G	upstream_gene_variant	MODIFIER	SORBI_3010G133225	SORBI_3010G133225			
S10_19139407	10	19139407	G	A	intergenic_region	MODIFIER	SORBI_3010G133250-SORBI_3010G133275	SORBI_3010G133250-SORBI_3010G133275			
S10_19329116	10	19329116	T	A	intergenic_region	MODIFIER	SORBI_3010G133275-SORBI_3010G133300	SORBI_3010G133275-SORBI_3010G133300			
S10_19458076	10	19458076	T	C	upstream_gene_variant	MODIFIER	SORBI_3010G133866	SORBI_3010G133866			
S10_19870669	10	19870669	G	T	intergenic_region	MODIFIER	SORBI_3010G134650-SORBI_3010G134700	SORBI_3010G134650-SORBI_3010G134700			
S10_19870688	10	19870688	A	C	intergenic_region	MODIFIER	SORBI_3010G134650-SORBI_3010G134700	SORBI_3010G134650-SORBI_3010G134700			
S10_20269728	10	20269728	G	A	upstream_gene_variant	MODIFIER	SORBI_3010G135600	SORBI_3010G135600			
S10_20269745	10	20269745	T	C	upstream_gene_variant	MODIFIER	SORBI_3010G135600	SORBI_3010G135600			
S10_20402303	10	20402303	T	C	intergenic_region	MODIFIER	SORBI_3010G135800-SORBI_3010G135900	SORBI_3010G135800-SORBI_3010G135900			
S10_20982810	10	20982810	T	G	intergenic_region	MODIFIER	SORBI_3010G136600-SORBI_3010G136900	SORBI_3010G136600-SORBI_3010G136900			
S10_21308388	10	21308388	T	C	intergenic_region	MODIFIER	SORBI_3010G137100-SORBI_3010G137200	SORBI_3010G137100-SORBI_3010G137200			
S10_21308483	10	21308483	T	C	intergenic_region	MODIFIER	SORBI_3010G137100-SORBI_3010G137200	SORBI_3010G137100-SORBI_3010G137200			
S10_21583777	10	21583777	A	G	intergenic_region	MODIFIER	SORBI_3010G137300-SORBI_3010G137333	SORBI_3010G137300-SORBI_3010G137333			
S10_22507919	10	22507919	C	A	intergenic_region	MODIFIER	SORBI_3010G138200-SORBI_3010G138300	SORBI_3010G138200-SORBI_3010G138300			
S10_25775675	10	25775675	C	T	intergenic_region	MODIFIER	SORBI_3010G140150-SORBI_3010G140200	SORBI_3010G140150-SORBI_3010G140200			
S10_25775679	10	25775679	G	A	intergenic_region	MODIFIER	SORBI_3010G140150-SORBI_3010G140200	SORBI_3010G140150-SORBI_3010G140200			
S10_25775686	10	25775686	C	T	intergenic_region	MODIFIER	SORBI_3010G140150-SORBI_3010G140200	SORBI_3010G140150-SORBI_3010G140200			
S10_25775726	10	25775726	T	C	intergenic_region	MODIFIER	SORBI_3010G140150-SORBI_3010G140200	SORBI_3010G140150-SORBI_3010G140200			
S10_25918730	10	25918730	G	A	intergenic_region	MODIFIER	SORBI_3010G140400-SORBI_3010G140500	SORBI_3010G140400-SORBI_3010G140500			
S10_27391043	10	27391043	C	T	intergenic_region	MODIFIER	SORBI_3010G140575-SORBI_3010G140600	SORBI_3010G140575-SORBI_3010G140600			
S10_27744783	10	27744783	G	A	intergenic_region	MODIFIER	SORBI_3010G140575-SORBI_3010G140600	SORBI_3010G140575-SORBI_3010G140600			
S10_28574153	10	28574153	T	C	intergenic_region	MODIFIER	SORBI_3010G140600-SORBI_3010G140700	SORBI_3010G140600-SORBI_3010G140700			
S10_32844948	10	32844948	A	G	intergenic_region	MODIFIER	SORBI_3010G140800-SORBI_3010G141001	SORBI_3010G140800-SORBI_3010G141001			
S10_33321486	10	33321486	T	C	intergenic_region	MODIFIER	SORBI_3010G140800-SORBI_3010G141001	SORBI_3010G140800-SORBI_3010G141001			
S10_33463303	10	33463303	C	A	intergenic_region	MODIFIER	SORBI_3010G140800-SORBI_3010G141001	SORBI_3010G140800-SORBI_3010G141001			
S10_33690016	10	33690016	G	A	intergenic_region	MODIFIER	SORBI_3010G140800-SORBI_3010G141001	SORBI_3010G140800-SORBI_3010G141001			
S10_34054014	10	34054014	T	C	intergenic_region	MODIFIER	SORBI_3010G141201-SORBI_3010G141400	SORBI_3010G141201-SORBI_3010G141400			
S10_34559425	10	34559425	T	A	intergenic_region	MODIFIER	SORBI_3010G141400-SORBI_3010G141433	SORBI_3010G141400-SORBI_3010G141433			
S10_35855904	10	35855904	T	A	intergenic_region	MODIFIER	SORBI_3010G142132-SORBI_3010G142300	SORBI_3010G142132-SORBI_3010G142300			
S10_35950380	10	35950380	T	C	intergenic_region	MODIFIER	SORBI_3010G142132-SORBI_3010G142300	SORBI_3010G142132-SORBI_3010G142300			
S10_36137200	10	36137200	G	A	intergenic_region	MODIFIER	SORBI_3010G142300-SORBI_3010G142401	SORBI_3010G142300-SORBI_3010G142401			
S10_36228797	10	36228797	T	C	intergenic_region	MODIFIER	SORBI_3010G142300-SORBI_3010G142401	SORBI_3010G142300-SORBI_3010G142401			
S10_36403145	10	36403145	T	G	intergenic_region	MODIFIER	SORBI_3010G142300-SORBI_3010G142401	SORBI_3010G142300-SORBI_3010G142401			
S10_37085150	10	37085150	T	C	intergenic_region	MODIFIER	SORBI_3010G142600-SORBI_3010G142650	SORBI_3010G142600-SORBI_3010G142650			
S10_38748220	10	38748220	G	A	intergenic_region	MODIFIER	SORBI_3010G143800-SORBI_3010G143900	SORBI_3010G143800-SORBI_3010G143900			
S10_40160300	10	40160300	C	A	intergenic_region	MODIFIER	SORBI_3010G144800-SORBI_3010G144900	SORBI_3010G144800-SORBI_3010G144900			
S10_40872220	10	40872220	T	C	intergenic_region	MODIFIER	SORBI_3010G145100-SORBI_3010G145200	SORBI_3010G145100-SORBI_3010G145200			
S10_41546701	10	41546701	C	T	intergenic_region	MODIFIER	SORBI_3010G146300-SORBI_3010G146350	SORBI_3010G146300-SORBI_3010G146350			
S10_41933865	10	41933865	TAGC	T	intergenic_region	MODIFIER	SORBI_3010G147000-SORBI_3010G147100	SORBI_3010G147000-SORBI_3010G147100			
S10_42112150	10	42112150	T	C	intergenic_region	MODIFIER	SORBI_3010G147200-SORBI_3010G147250	SORBI_3010G147200-SORBI_3010G147250			
S10_42192130	10	42192130	G	A	intergenic_region	MODIFIER	SORBI_3010G147200-SORBI_3010G147250	SORBI_3010G147200-SORBI_3010G147250			
S10_44255566	10	44255566	A	C	intergenic_region	MODIFIER	SORBI_3010G152400-SORBI_3010G152500	SORBI_3010G152400-SORBI_3010G152500			
S10_45655288	10	45655288	G	A	intergenic_region	MODIFIER	SORBI_3010G155100-SORBI_3010G155200	SORBI_3010G155100-SORBI_3010G155200			
S10_46051727	10	46051727	A	G	intergenic_region	MODIFIER	SORBI_3010G156400-SORBI_3010G156500	SORBI_3010G156400-SORBI_3010G156500			
S10_47138080	10	47138080	G	A	intergenic_region	MODIFIER	SORBI_3010G160200-SORBI_3010G160300	SORBI_3010G160200-SORBI_3010G160300			
S10_47727914	10	47727914	T	C	downstream_gene_variant	MODIFIER	SORBI_3010G161300	SORBI_3010G161300			
S10_47727963	10	47727963	G	T	downstream_gene_variant	MODIFIER	SORBI_3010G161300	SORBI_3010G161300			
S10_47727964	10	47727964	A	G	downstream_gene_variant	MODIFIER	SORBI_3010G161300	SORBI_3010G161300			
S10_48639796	10	48639796	A	G	intergenic_region	MODIFIER	SORBI_3010G164400-SORBI_3010G164500	SORBI_3010G164400-SORBI_3010G164500			
S10_48753172	10	48753172	T	C	intergenic_region	MODIFIER	SORBI_3010G164600-SORBI_3010G164800	SORBI_3010G164600-SORBI_3010G164800			
S10_48902237	10	48902237	T	C	intergenic_region	MODIFIER	SORBI_3010G165300-SORBI_3010G165400	SORBI_3010G165300-SORBI_3010G165400			
S10_49215033	10	49215033	T	A	upstream_gene_variant	MODIFIER	SORBI_3010G166950	SORBI_3010G166950			
S10_49467507	10	49467507	C	T	intergenic_region	MODIFIER	SORBI_3010G167400-SORBI_3010G167500	SORBI_3010G167400-SORBI_3010G167500			
S10_50716381	10	50716381	G	A	downstream_gene_variant	MODIFIER	SORBI_3010G172700	SORBI_3010G172700			
S10_51719498	10	51719498	G	A	intergenic_region	MODIFIER	SORBI_3010G179300-SORBI_3010G179400	SORBI_3010G179300-SORBI_3010G179400			
S10_54514573	10	54514573	C	CAG	upstream_gene_variant	MODIFIER	SORBI_3010G202200	SORBI_3010G202200			
S10_56288488	10	56288488	GC	G	upstream_gene_variant	MODIFIER	SORBI_3010G220700	SORBI_3010G220700			
S10_57824787	10	57824787	A	T	upstream_gene_variant	MODIFIER	SORBI_3010G236000	SORBI_3010G236000			
