SNP_ID	CHROM	POS	REF	Allele	Annotation	Annotation_Impact	Gene_Name	Gene_ID	Feature_Type	Feature_ID	Transcript_BioType
S05_43112348	05	43112348	A	G	intergenic_region	MODIFIER	SORBI_3005G114400-SORBI_3005G114500	SORBI_3005G114400-SORBI_3005G114500			
S08_10948782	08	10948782	T	C	intergenic_region	MODIFIER	SORBI_3008G074900-SORBI_3008G075100	SORBI_3008G074900-SORBI_3008G075100			
S08_12501030	08	12501030	C	T	intergenic_region	MODIFIER	SORBI_3008G078800-SORBI_3008G078900	SORBI_3008G078800-SORBI_3008G078900			
S03_46354037	03	46354037	C	T	intergenic_region	MODIFIER	SORBI_3003G178800-SORBI_3003G178900	SORBI_3003G178800-SORBI_3003G178900			
S05_46516607	05	46516607	G	A	intergenic_region	MODIFIER	SSU_rRNA_eukarya-SORBI_3005G115200	ENSRNA049485575-SORBI_3005G115200			
S04_21747212	04	21747212	G	T	intergenic_region	MODIFIER	SORBI_3004G133850-SORBI_3004G133900	SORBI_3004G133850-SORBI_3004G133900			
S02_4876780	02	4876780	G	A	upstream_gene_variant	MODIFIER	SORBI_3002G051450	SORBI_3002G051450			
S08_49869287	08	49869287	C	T	downstream_gene_variant	MODIFIER	SORBI_3008G105850	SORBI_3008G105850			
S09_26681222	09	26681222	C	T	intergenic_region	MODIFIER	SORBI_3009G095400-SORBI_3009G095480	SORBI_3009G095400-SORBI_3009G095480			
S10_18362807	10	18362807	A	T	intergenic_region	MODIFIER	SORBI_3010G132600-SORBI_3010G132700	SORBI_3010G132600-SORBI_3010G132700			
S07_40333656	07	40333656	A	C	intergenic_region	MODIFIER	SORBI_3007G110900-SORBI_3007G111001	SORBI_3007G110900-SORBI_3007G111001			
S08_41443231	08	41443231	A	G	intergenic_region	MODIFIER	SORBI_3008G092600-SORBI_3008G092701	SORBI_3008G092600-SORBI_3008G092701			
S10_15461044	10	15461044	A	AT	intergenic_region	MODIFIER	SORBI_3010G125300-SORBI_3010G125400	SORBI_3010G125300-SORBI_3010G125400			
S05_19343783	05	19343783	T	C	intergenic_region	MODIFIER	sbi-MIR172f-SORBI_3005G105300	ENSRNA049996183-SORBI_3005G105300			
S10_13963892	10	13963892	G	A	intergenic_region	MODIFIER	SORBI_3010G121200-SORBI_3010G121300	SORBI_3010G121200-SORBI_3010G121300			
S01_33612232	01	33612232	A	T	intergenic_region	MODIFIER	SORBI_3001G261400-SORBI_3001G261404	SORBI_3001G261400-SORBI_3001G261404			
S03_36092994	03	36092994	C	T	intergenic_region	MODIFIER	SORBI_3003G170966-SORBI_3003G171032	SORBI_3003G170966-SORBI_3003G171032			
S01_60575142	01	60575142	A	AC	upstream_gene_variant	MODIFIER	SORBI_3001G317300	SORBI_3001G317300			
S08_52815969	08	52815969	A	G	intergenic_region	MODIFIER	SORBI_3008G117400-SORBI_3008G117600	SORBI_3008G117400-SORBI_3008G117600			
S10_38504754	10	38504754	G	A	intergenic_region	MODIFIER	SORBI_3010G143800-SORBI_3010G143900	SORBI_3010G143800-SORBI_3010G143900			
S09_34961209	09	34961209	G	A	intergenic_region	MODIFIER	SORBI_3009G097100-SORBI_3009G097200	SORBI_3009G097100-SORBI_3009G097200			
S05_40305208	05	40305208	A	G	intergenic_region	MODIFIER	SORBI_3005G112900-SORBI_3005G113101	SORBI_3005G112900-SORBI_3005G113101			
S05_14261298	05	14261298	A	G	intron_variant	MODIFIER	SORBI_3005G092500	SORBI_3005G092500			
S08_41863606	08	41863606	T	C	intergenic_region	MODIFIER	SORBI_3008G092866-SORBI_3008G092932	SORBI_3008G092866-SORBI_3008G092932			
S10_12378359	10	12378359	G	A	intergenic_region	MODIFIER	SORBI_3010G115800-SORBI_3010G115900	SORBI_3010G115800-SORBI_3010G115900			
S05_41979896	05	41979896	T	A	intergenic_region	MODIFIER	SORBI_3005G114101-SORBI_3005G114201	SORBI_3005G114101-SORBI_3005G114201			
S01_15431375	01	15431375	A	G	upstream_gene_variant	MODIFIER	SORBI_3001G182200	SORBI_3001G182200			
S05_33924958	05	33924958	T	C	intergenic_region	MODIFIER	SORBI_3005G110508-SORBI_3005G110511	SORBI_3005G110508-SORBI_3005G110511			
S08_12360313	08	12360313	T	C	upstream_gene_variant	MODIFIER	SORBI_3008G078600	SORBI_3008G078600			
S08_8319381	08	8319381	C	T	intergenic_region	MODIFIER	SORBI_3008G069300-SORBI_3008G069401	SORBI_3008G069300-SORBI_3008G069401			
S08_17507977	08	17507977	T	C	intergenic_region	MODIFIER	SORBI_3008G086500-SORBI_3008G086700	SORBI_3008G086500-SORBI_3008G086700			
S09_39900956	09	39900956	T	C	intergenic_region	MODIFIER	SORBI_3009G100800-SORBI_3009G100900	SORBI_3009G100800-SORBI_3009G100900			
S08_48539906	08	48539906	C	T	intergenic_region	MODIFIER	SORBI_3008G102050-SORBI_3008G102100	SORBI_3008G102050-SORBI_3008G102100			
S10_21308600	10	21308600	GA	G	intergenic_region	MODIFIER	SORBI_3010G137100-SORBI_3010G137200	SORBI_3010G137100-SORBI_3010G137200			
S10_13769783	10	13769783	T	C	intergenic_region	MODIFIER	SORBI_3010G120200-SORBI_3010G120300	SORBI_3010G120200-SORBI_3010G120300			
S09_42655546	09	42655546	C	T	downstream_gene_variant	MODIFIER	SORBI_3009G105000	SORBI_3009G105000			
S04_28425194	04	28425194	G	C	intergenic_region	MODIFIER	SORBI_3004G135366-SORBI_3004G135400	SORBI_3004G135366-SORBI_3004G135400			
S05_42518181	05	42518181	G	A	intergenic_region	MODIFIER	SORBI_3005G114101-SORBI_3005G114201	SORBI_3005G114101-SORBI_3005G114201			
S03_26248862	03	26248862	G	A	upstream_gene_variant	MODIFIER	SORBI_3003G167000	SORBI_3003G167000			
S02_68943289	02	68943289	A	G	upstream_gene_variant	MODIFIER	SORBI_3002G316301	SORBI_3002G316301			
S09_26375184	09	26375184	A	T	intergenic_region	MODIFIER	SORBI_3009G094900-SORBI_3009G095100	SORBI_3009G094900-SORBI_3009G095100			
S10_29025253	10	29025253	TC	T	intergenic_region	MODIFIER	SORBI_3010G140700-SORBI_3010G140750	SORBI_3010G140700-SORBI_3010G140750			
S09_41647183	09	41647183	C	T	intergenic_region	MODIFIER	SORBI_3009G103700-SORBI_3009G103800	SORBI_3009G103700-SORBI_3009G103800			
S08_57690458	08	57690458	G	T	downstream_gene_variant	MODIFIER	SORBI_3008G145500	SORBI_3008G145500			
S09_37284538	09	37284538	GGACACGTATCTTTT	G	intergenic_region	MODIFIER	SORBI_3009G098601-SORBI_3009G098700	SORBI_3009G098601-SORBI_3009G098700			
S09_24176840	09	24176840	G	A	intergenic_region	MODIFIER	SORBI_3009G093800-SORBI_3009G093900	SORBI_3009G093800-SORBI_3009G093900			
S04_13669769	04	13669769	T	A	intergenic_region	MODIFIER	SORBI_3004G122200-SORBI_3004G122300	SORBI_3004G122200-SORBI_3004G122300			
S03_23302797	03	23302797	T	C	intergenic_region	MODIFIER	SORBI_3003G165551-SORBI_3003G165700	SORBI_3003G165551-SORBI_3003G165700			
S05_15949974	05	15949974	A	G	intergenic_region	MODIFIER	SORBI_3005G098100-SORBI_3005G098250	SORBI_3005G098100-SORBI_3005G098250			
S09_17577390	09	17577390	G	A	intergenic_region	MODIFIER	SORBI_3009G090400-SORBI_3009G090500	SORBI_3009G090400-SORBI_3009G090500			
S09_43016386	09	43016386	T	C	intergenic_region	MODIFIER	SORBI_3009G107020-SORBI_3009G107080	SORBI_3009G107020-SORBI_3009G107080			
S05_22549113	05	22549113	T	C	intergenic_region	MODIFIER	SORBI_3005G109300-SORBI_3005G109400	SORBI_3005G109300-SORBI_3005G109400			
S05_53519435	05	53519435	G	A	intergenic_region	MODIFIER	SORBI_3005G121300-SORBI_3005G121500	SORBI_3005G121300-SORBI_3005G121500			
S05_43572078	05	43572078	G	C	intergenic_region	MODIFIER	SORBI_3005G114500-SORBI_3005G114600	SORBI_3005G114500-SORBI_3005G114600			
S01_4238493	01	4238493	A	G	downstream_gene_variant	MODIFIER	SORBI_3001G056400	SORBI_3001G056400			
S06_58675347	06	58675347	C	T	intron_variant	MODIFIER	SORBI_3006G247500	SORBI_3006G247500			
S01_24315667	01	24315667	C	T	intergenic_region	MODIFIER	SORBI_3001G237600-SORBI_3001G237700	SORBI_3001G237600-SORBI_3001G237700			
S10_17871434	10	17871434	A	G	intergenic_region	MODIFIER	SORBI_3010G130700-SORBI_3010G130800	SORBI_3010G130700-SORBI_3010G130800			
S04_22541682	04	22541682	C	T	intergenic_region	MODIFIER	SORBI_3004G134100-SORBI_3004G134200	SORBI_3004G134100-SORBI_3004G134200			
S05_38555169	05	38555169	T	C	intergenic_region	MODIFIER	SORBI_3005G112300-SORBI_3005G112400	SORBI_3005G112300-SORBI_3005G112400			
S08_52503352	08	52503352	C	T	intergenic_region	MODIFIER	SORBI_3008G115600-SORBI_3008G115700	SORBI_3008G115600-SORBI_3008G115700			
S09_31139744	09	31139744	A	C	intergenic_region	MODIFIER	SORBI_3009G095720-SORBI_3009G095800	SORBI_3009G095720-SORBI_3009G095800			
S05_23528244	05	23528244	A	C	intergenic_region	MODIFIER	SORBI_3005G109900-SORBI_3005G110000	SORBI_3005G109900-SORBI_3005G110000			
S02_69461644	02	69461644	G	A	synonymous_variant	LOW	SORBI_3002G323400	SORBI_3002G323400			
S01_21834994	01	21834994	A	T	intron_variant	MODIFIER	SORBI_3001G227800	SORBI_3001G227800			
S08_11969358	08	11969358	A	G	intergenic_region	MODIFIER	SORBI_3008G077600-SORBI_3008G077700	SORBI_3008G077600-SORBI_3008G077700			
S08_61928888	08	61928888	C	T	synonymous_variant	LOW	SORBI_3008G184900	SORBI_3008G184900			
S05_52156380	05	52156380	C	G	upstream_gene_variant	MODIFIER	SORBI_3005G119800	SORBI_3005G119800			
S05_17564271	05	17564271	G	A	intergenic_region	MODIFIER	SORBI_3005G101850-SORBI_3005G101900	SORBI_3005G101850-SORBI_3005G101900			
S08_29896136	08	29896136	A	G	intergenic_region	MODIFIER	SORBI_3008G088890-SORBI_3008G088900	SORBI_3008G088890-SORBI_3008G088900			
S10_15000771	10	15000771	T	A	intergenic_region	MODIFIER	SORBI_3010G124300-SORBI_3010G124400	SORBI_3010G124300-SORBI_3010G124400			
S02_64665192	02	64665192	T	C	downstream_gene_variant	MODIFIER	SORBI_3002G261450	SORBI_3002G261450			
S03_12950678	03	12950678	A	G	intergenic_region	MODIFIER	SORBI_3003G136200-SORBI_3003G136301	SORBI_3003G136200-SORBI_3003G136301			
S10_27966104	10	27966104	C	T	intergenic_region	MODIFIER	SORBI_3010G140600-SORBI_3010G140700	SORBI_3010G140600-SORBI_3010G140700			
S09_31338870	09	31338870	T	C	intergenic_region	MODIFIER	SORBI_3009G095720-SORBI_3009G095800	SORBI_3009G095720-SORBI_3009G095800			
S08_53555317	08	53555317	A	T	intergenic_region	MODIFIER	SORBI_3008G120450-SORBI_3008G120600	SORBI_3008G120450-SORBI_3008G120600			
S08_47632356	08	47632356	C	G	intergenic_region	MODIFIER	SORBI_3008G100400-SORBI_3008G100600	SORBI_3008G100400-SORBI_3008G100600			
S08_40792109	08	40792109	G	A	intergenic_region	MODIFIER	SORBI_3008G092532-SORBI_3008G092600	SORBI_3008G092532-SORBI_3008G092600			
S09_40488546	09	40488546	T	C	intergenic_region	MODIFIER	SORBI_3009G101600-SORBI_3009G101700	SORBI_3009G101600-SORBI_3009G101700			
S03_19602446	03	19602446	C	G	intergenic_region	MODIFIER	SORBI_3003G161950-SORBI_3003G162000	SORBI_3003G161950-SORBI_3003G162000			
S01_32565388	01	32565388	G	A	intergenic_region	MODIFIER	SORBI_3001G261250-SORBI_3001G261300	SORBI_3001G261250-SORBI_3001G261300			
S07_41284085	07	41284085	G	C	intergenic_region	MODIFIER	SORBI_3007G111200-SORBI_3007G111300	SORBI_3007G111200-SORBI_3007G111300			
S01_61471986	01	61471986	T	C	intergenic_region	MODIFIER	SORBI_3001G327800-SORBI_3001G327900	SORBI_3001G327800-SORBI_3001G327900			
S07_43893147	07	43893147	T	C	intron_variant	MODIFIER	SORBI_3007G112766	SORBI_3007G112766			
S03_31978175	03	31978175	G	A	intergenic_region	MODIFIER	SORBI_3003G170700-SORBI_3003G170800	SORBI_3003G170700-SORBI_3003G170800			
S08_50483656	08	50483656	A	AG	intergenic_region	MODIFIER	SORBI_3008G107200-SORBI_3008G107300	SORBI_3008G107200-SORBI_3008G107300			
S05_52212176	05	52212176	T	TC	upstream_gene_variant	MODIFIER	SORBI_3005G119950	SORBI_3005G119950			
S01_17188023	01	17188023	G	T	intergenic_region	MODIFIER	SORBI_3001G193000-SORBI_3001G193100	SORBI_3001G193000-SORBI_3001G193100			
S03_32156582	03	32156582	G	T	intergenic_region	MODIFIER	SORBI_3003G170700-SORBI_3003G170800	SORBI_3003G170700-SORBI_3003G170800			
S05_21773328	05	21773328	C	T	intergenic_region	MODIFIER	SORBI_3005G109000-SORBI_3005G109101	SORBI_3005G109000-SORBI_3005G109101			
S04_20230403	04	20230403	G	A	intergenic_region	MODIFIER	SORBI_3004G132600-SORBI_3004G132700	SORBI_3004G132600-SORBI_3004G132700			
S09_25217724	09	25217724	G	A	intergenic_region	MODIFIER	SORBI_3009G094600-SORBI_3009G094700	SORBI_3009G094600-SORBI_3009G094700			
S08_11235420	08	11235420	A	G	intergenic_region	MODIFIER	SORBI_3008G075600-SORBI_3008G075700	SORBI_3008G075600-SORBI_3008G075700			
S03_27917629	03	27917629	C	G	intergenic_region	MODIFIER	SORBI_3003G167875-SORBI_3003G167900	SORBI_3003G167875-SORBI_3003G167900			
S10_39689855	10	39689855	G	A	intergenic_region	MODIFIER	SORBI_3010G144600-SORBI_3010G144700	SORBI_3010G144600-SORBI_3010G144700			
S10_44695593	10	44695593	T	TC	intergenic_region	MODIFIER	SORBI_3010G153700-SORBI_3010G153800	SORBI_3010G153700-SORBI_3010G153800			
S04_4439051	04	4439051	T	G	intergenic_region	MODIFIER	SORBI_3004G054700-SORBI_3004G054900	SORBI_3004G054700-SORBI_3004G054900			
S05_19343074	05	19343074	A	C	intergenic_region	MODIFIER	sbi-MIR172f-SORBI_3005G105300	ENSRNA049996183-SORBI_3005G105300			
S08_18789455	08	18789455	G	A	intergenic_region	MODIFIER	SORBI_3008G088200-SORBI_3008G088300	SORBI_3008G088200-SORBI_3008G088300			
S08_46717793	08	46717793	T	C	intergenic_region	MODIFIER	SORBI_3008G098300-SORBI_3008G098400	SORBI_3008G098300-SORBI_3008G098400			
S05_44566812	05	44566812	GGCCATCCAAGGCGACCA	G	intergenic_region	MODIFIER	SORBI_3005G114900-SORBI_3005G115000	SORBI_3005G114900-SORBI_3005G115000			
S09_32836433	09	32836433	A	G	intergenic_region	MODIFIER	SORBI_3009G096100-SORBI_3009G096300	SORBI_3009G096100-SORBI_3009G096300			
S05_45489126	05	45489126	T	G	upstream_gene_variant	MODIFIER	LSU_rRNA_eukarya	ENSRNA049485572			
S01_15461097	01	15461097	T	C	3_prime_UTR_variant	MODIFIER	SORBI_3001G182500	SORBI_3001G182500			
S04_16425339	04	16425339	C	T	intergenic_region	MODIFIER	SORBI_3004G129100-SORBI_3004G129201	SORBI_3004G129100-SORBI_3004G129201			
S01_19772294	01	19772294	C	T	upstream_gene_variant	MODIFIER	SORBI_3001G214300	SORBI_3001G214300			
S03_46666123	03	46666123	C	T	intergenic_region	MODIFIER	SORBI_3003G179201-SORBI_3003G179300	SORBI_3003G179201-SORBI_3003G179300			
S10_19973589	10	19973589	G	T	intergenic_region	MODIFIER	SORBI_3010G134900-SORBI_3010G135000	SORBI_3010G134900-SORBI_3010G135000			
S01_30342461	01	30342461	G	A	intergenic_region	MODIFIER	SORBI_3001G257200-SORBI_3001G257300	SORBI_3001G257200-SORBI_3001G257300			
S01_32486341	01	32486341	C	T	intergenic_region	MODIFIER	SORBI_3001G261200-SORBI_3001G261250	SORBI_3001G261200-SORBI_3001G261250			
S05_21900690	05	21900690	T	C	intergenic_region	MODIFIER	SORBI_3005G109101-SORBI_3005G109201	SORBI_3005G109101-SORBI_3005G109201			
S09_265808	09	265808	G	A	intergenic_region	MODIFIER	SORBI_3009G003000-SORBI_3009G003300	SORBI_3009G003000-SORBI_3009G003300			
S05_47848829	05	47848829	A	C	intergenic_region	MODIFIER	SORBI_3005G115200-SORBI_3005G115300	SORBI_3005G115200-SORBI_3005G115300			
S01_3996916	01	3996916	T	C	upstream_gene_variant	MODIFIER	SORBI_3001G053601	SORBI_3001G053601			
S08_36520873	08	36520873	G	A	intergenic_region	MODIFIER	SORBI_3008G090900-SORBI_3008G091100	SORBI_3008G090900-SORBI_3008G091100			
S10_9581381	10	9581381	A	G	upstream_gene_variant	MODIFIER	SORBI_3010G102800	SORBI_3010G102800			
S05_18394365	05	18394365	T	C	intergenic_region	MODIFIER	SORBI_3005G103300-SORBI_3005G103400	SORBI_3005G103300-SORBI_3005G103400			
S08_43377911	08	43377911	C	T	intergenic_region	MODIFIER	SORBI_3008G093500-SORBI_3008G093600	SORBI_3008G093500-SORBI_3008G093600			
S05_2519424	05	2519424	T	A	upstream_gene_variant	MODIFIER	SORBI_3005G028200	SORBI_3005G028200			
S08_50565728	08	50565728	C	T	intergenic_region	MODIFIER	SORBI_3008G107300-SORBI_3008G107500	SORBI_3008G107300-SORBI_3008G107500			
S01_48675865	01	48675865	A	G	intergenic_region	MODIFIER	SORBI_3001G263801-SORBI_3001G263900	SORBI_3001G263801-SORBI_3001G263900			
S08_10948539	08	10948539	G	A	intergenic_region	MODIFIER	SORBI_3008G074900-SORBI_3008G075100	SORBI_3008G074900-SORBI_3008G075100			
S05_17852265	05	17852265	G	A	intergenic_region	MODIFIER	SORBI_3005G102401-SORBI_3005G102451	SORBI_3005G102401-SORBI_3005G102451			
S03_39976450	03	39976450	C	T	intergenic_region	MODIFIER	SORBI_3003G173600-SORBI_3003G173700	SORBI_3003G173600-SORBI_3003G173700			
S02_65865864	02	65865864	G	A	intergenic_region	MODIFIER	SORBI_3002G275800-SORBI_3002G275900	SORBI_3002G275800-SORBI_3002G275900			
S02_64665627	02	64665627	T	C	downstream_gene_variant	MODIFIER	SORBI_3002G261450	SORBI_3002G261450			
S01_15431010	01	15431010	T	A	upstream_gene_variant	MODIFIER	SORBI_3001G182200	SORBI_3001G182200			
S09_42655530	09	42655530	A	G	downstream_gene_variant	MODIFIER	SORBI_3009G105000	SORBI_3009G105000			
S04_36026849	04	36026849	G	A	intergenic_region	MODIFIER	SORBI_3004G136800-SORBI_3004G136901	SORBI_3004G136800-SORBI_3004G136901			
S10_40836852	10	40836852	C	T	intergenic_region	MODIFIER	SORBI_3010G145100-SORBI_3010G145200	SORBI_3010G145100-SORBI_3010G145200			
S10_41083547	10	41083547	G	A	intergenic_region	MODIFIER	SORBI_3010G145300-SORBI_3010G145500	SORBI_3010G145300-SORBI_3010G145500			
S05_46381942	05	46381942	T	A	intergenic_region	MODIFIER	SSU_rRNA_eukarya-SORBI_3005G115200	ENSRNA049485575-SORBI_3005G115200			
S01_25299109	01	25299109	G	A	downstream_gene_variant	MODIFIER	SORBI_3001G243666	SORBI_3001G243666			
S07_39734023	07	39734023	T	C	intergenic_region	MODIFIER	SORBI_3007G109800-SORBI_3007G109900	SORBI_3007G109800-SORBI_3007G109900			
S03_20028219	03	20028219	C	T	upstream_gene_variant	MODIFIER	SORBI_3003G162666	SORBI_3003G162666			
S05_46208644	05	46208644	T	C	intergenic_region	MODIFIER	SSU_rRNA_eukarya-SORBI_3005G115200	ENSRNA049485575-SORBI_3005G115200			
S10_15615308	10	15615308	A	G	intergenic_region	MODIFIER	SORBI_3010G125900-SORBI_3010G126000	SORBI_3010G125900-SORBI_3010G126000			
S07_40333591	07	40333591	A	G	intergenic_region	MODIFIER	SORBI_3007G110900-SORBI_3007G111001	SORBI_3007G110900-SORBI_3007G111001			
S01_74744901	01	74744901	G	A	upstream_gene_variant	MODIFIER	SORBI_3001G475200	SORBI_3001G475200			
S08_30575086	08	30575086	C	T	intergenic_region	MODIFIER	SORBI_3008G088890-SORBI_3008G088900	SORBI_3008G088890-SORBI_3008G088900			
S03_32472392	03	32472392	C	A	intergenic_region	MODIFIER	SORBI_3003G170800-SORBI_3003G170900	SORBI_3003G170800-SORBI_3003G170900			
S09_25147382	09	25147382	GA	G	intergenic_region	MODIFIER	SORBI_3009G094600-SORBI_3009G094700	SORBI_3009G094600-SORBI_3009G094700			
S01_20416039	01	20416039	A	G	intergenic_region	MODIFIER	SORBI_3001G218900-SORBI_3001G219200	SORBI_3001G218900-SORBI_3001G219200			
S09_31217586	09	31217586	G	A	intergenic_region	MODIFIER	SORBI_3009G095720-SORBI_3009G095800	SORBI_3009G095720-SORBI_3009G095800			
S03_41596124	03	41596124	G	A	intergenic_region	MODIFIER	SORBI_3003G174400-SORBI_3003G174425	SORBI_3003G174400-SORBI_3003G174425			
S09_38067020	09	38067020	A	G	intergenic_region	MODIFIER	SORBI_3009G098900-SORBI_3009G099000	SORBI_3009G098900-SORBI_3009G099000			
S09_40313374	09	40313374	G	A	intergenic_region	MODIFIER	SORBI_3009G101200-SORBI_3009G101250	SORBI_3009G101200-SORBI_3009G101250			
S07_41137510	07	41137510	G	A	intergenic_region	MODIFIER	SORBI_3007G111100-SORBI_3007G111150	SORBI_3007G111100-SORBI_3007G111150			
S10_16855604	10	16855604	G	T	intergenic_region	MODIFIER	SORBI_3010G128300-SORBI_3010G128350	SORBI_3010G128300-SORBI_3010G128350			
S01_6237519	01	6237519	T	C	downstream_gene_variant	MODIFIER	SORBI_3001G080800	SORBI_3001G080800			
S04_3019707	04	3019707	T	C	intergenic_region	MODIFIER	SORBI_3004G037200-SORBI_3004G037300	SORBI_3004G037200-SORBI_3004G037300			
S05_47172631	05	47172631	A	G	intergenic_region	MODIFIER	SORBI_3005G115200-SORBI_3005G115300	SORBI_3005G115200-SORBI_3005G115300			
S03_37759669	03	37759669	G	T	intergenic_region	MODIFIER	SORBI_3003G171500-SORBI_3003G171701	SORBI_3003G171500-SORBI_3003G171701			
S10_44374344	10	44374344	G	C	intergenic_region	MODIFIER	SORBI_3010G152600-SORBI_3010G152700	SORBI_3010G152600-SORBI_3010G152700			
S07_39890496	07	39890496	T	C	upstream_gene_variant	MODIFIER	SORBI_3007G110300	SORBI_3007G110300			
S10_40250459	10	40250459	A	G	intergenic_region	MODIFIER	SORBI_3010G144900-sbi-MIR6226	SORBI_3010G144900-ENSRNA049996889			
S09_15007680	09	15007680	A	G	intergenic_region	MODIFIER	SORBI_3009G087800-SORBI_3009G087900	SORBI_3009G087800-SORBI_3009G087900			
S04_13669766	04	13669766	A	T	intergenic_region	MODIFIER	SORBI_3004G122200-SORBI_3004G122300	SORBI_3004G122200-SORBI_3004G122300			
S01_22385238	01	22385238	T	C	intergenic_region	MODIFIER	SORBI_3001G231700-SORBI_3001G231800	SORBI_3001G231700-SORBI_3001G231800			
S04_15342156	04	15342156	T	C	intergenic_region	MODIFIER	SORBI_3004G127000-SORBI_3004G127066	SORBI_3004G127000-SORBI_3004G127066			
S09_40549000	09	40549000	A	T	intergenic_region	MODIFIER	SORBI_3009G101700-SORBI_3009G101800	SORBI_3009G101700-SORBI_3009G101800			
S01_56262971	01	56262971	A	T	upstream_gene_variant	MODIFIER	SORBI_3001G287000	SORBI_3001G287000			
S05_36307132	05	36307132	A	G	intergenic_region	MODIFIER	SORBI_3005G111100-SORBI_3005G111200	SORBI_3005G111100-SORBI_3005G111200			
S10_4797310	10	4797310	G	GTGGCC	downstream_gene_variant	MODIFIER	SORBI_3010G060900	SORBI_3010G060900			
S08_10513217	08	10513217	C	T	intergenic_region	MODIFIER	SORBI_3008G073700-SORBI_3008G073800	SORBI_3008G073700-SORBI_3008G073800			
S02_10519343	02	10519343	T	C	downstream_gene_variant	MODIFIER	SORBI_3002G098400	SORBI_3002G098400			
S05_36917211	05	36917211	G	A	intergenic_region	MODIFIER	SORBI_3005G111800-SORBI_3005G111900	SORBI_3005G111800-SORBI_3005G111900			
S04_17441753	04	17441753	T	G	intergenic_region	MODIFIER	SORBI_3004G130900-SORBI_3004G130916	SORBI_3004G130900-SORBI_3004G130916			
S04_23660787	04	23660787	T	C	intergenic_region	MODIFIER	SORBI_3004G134500-SORBI_3004G134600	SORBI_3004G134500-SORBI_3004G134600			
S03_26220370	03	26220370	G	A	intergenic_region	MODIFIER	SORBI_3003G166875-SORBI_3003G167000	SORBI_3003G166875-SORBI_3003G167000			
S10_15770653	10	15770653	A	G	intergenic_region	MODIFIER	SORBI_3010G126000-SORBI_3010G126100	SORBI_3010G126000-SORBI_3010G126100			
S10_14199107	10	14199107	A	G	5_prime_UTR_variant	MODIFIER	SORBI_3010G122400	SORBI_3010G122400			
S05_17060637	05	17060637	A	G	intergenic_region	MODIFIER	sbi-MIR169i-SORBI_3005G101000	ENSRNA049996218-SORBI_3005G101000			
S04_22542697	04	22542697	G	A	intergenic_region	MODIFIER	SORBI_3004G134100-SORBI_3004G134200	SORBI_3004G134100-SORBI_3004G134200			
S10_28256307	10	28256307	G	T	intergenic_region	MODIFIER	SORBI_3010G140600-SORBI_3010G140700	SORBI_3010G140600-SORBI_3010G140700			
S01_18986583	01	18986583	A	G	intergenic_region	MODIFIER	SORBI_3001G207600-SORBI_3001G207633	SORBI_3001G207600-SORBI_3001G207633			
S08_17508009	08	17508009	G	A	intergenic_region	MODIFIER	SORBI_3008G086500-SORBI_3008G086700	SORBI_3008G086500-SORBI_3008G086700			
S05_63477378	05	63477378	C	T	intergenic_region	MODIFIER	SORBI_3005G161000-SORBI_3005G161100	SORBI_3005G161000-SORBI_3005G161100			
S08_43158211	08	43158211	T	C	intergenic_region	MODIFIER	SORBI_3008G093200-SORBI_3008G093500	SORBI_3008G093200-SORBI_3008G093500			
S05_36711176	05	36711176	C	T	intergenic_region	MODIFIER	SORBI_3005G111500-SORBI_3005G111550	SORBI_3005G111500-SORBI_3005G111550			
S01_49186030	01	49186030	G	A	intergenic_region	MODIFIER	SORBI_3001G264400-SORBI_3001G264500	SORBI_3001G264400-SORBI_3001G264500			
S09_43436902	09	43436902	C	T	intergenic_region	MODIFIER	SORBI_3009G108050-SORBI_3009G108300	SORBI_3009G108050-SORBI_3009G108300			
S09_40546436	09	40546436	T	C	intergenic_region	MODIFIER	SORBI_3009G101700-SORBI_3009G101800	SORBI_3009G101700-SORBI_3009G101800			
S09_17196703	09	17196703	C	T	intergenic_region	MODIFIER	SORBI_3009G090250-SORBI_3009G090400	SORBI_3009G090250-SORBI_3009G090400			
S08_48681724	08	48681724	G	A	intergenic_region	MODIFIER	SORBI_3008G102532-SORBI_3008G102600	SORBI_3008G102532-SORBI_3008G102600			
S10_50876921	10	50876921	C	G	upstream_gene_variant	MODIFIER	SORBI_3010G173550	SORBI_3010G173550			
S10_53441689	10	53441689	G	T	intergenic_region	MODIFIER	SORBI_3010G192300-SORBI_3010G192366	SORBI_3010G192300-SORBI_3010G192366			
S08_15664789	08	15664789	A	G	intergenic_region	MODIFIER	SORBI_3008G082600-SORBI_3008G082700	SORBI_3008G082600-SORBI_3008G082700			
S10_20053571	10	20053571	C	T	intergenic_region	MODIFIER	SORBI_3010G135000-SORBI_3010G135100	SORBI_3010G135000-SORBI_3010G135100			
S09_21268630	09	21268630	G	A	intergenic_region	MODIFIER	SORBI_3009G092100-SORBI_3009G092200	SORBI_3009G092100-SORBI_3009G092200			
S01_61564852	01	61564852	C	T	upstream_gene_variant	MODIFIER	SORBI_3001G328100	SORBI_3001G328100			
S08_32486151	08	32486151	A	G	intergenic_region	MODIFIER	SORBI_3008G089366-SORBI_3008G089500	SORBI_3008G089366-SORBI_3008G089500			
S09_30778209	09	30778209	G	T	downstream_gene_variant	MODIFIER	SORBI_3009G095720	SORBI_3009G095720			
S09_49036018	09	49036018	T	TAC	intergenic_region	MODIFIER	SORBI_3009G135100-SORBI_3009G135300	SORBI_3009G135100-SORBI_3009G135300			
S10_27897905	10	27897905	G	A	intergenic_region	MODIFIER	SORBI_3010G140575-SORBI_3010G140600	SORBI_3010G140575-SORBI_3010G140600			
S09_22984284	09	22984284	C	T	intergenic_region	MODIFIER	SORBI_3009G093100-SORBI_3009G093200	SORBI_3009G093100-SORBI_3009G093200			
S05_60330667	05	60330667	C	T	intergenic_region	MODIFIER	SORBI_3005G141801-SORBI_3005G141900	SORBI_3005G141801-SORBI_3005G141900			
S01_19464533	01	19464533	A	G	upstream_gene_variant	MODIFIER	SORBI_3001G211500	SORBI_3001G211500			
S01_51078394	01	51078394	C	A	intergenic_region	MODIFIER	SORBI_3001G267701-SORBI_3001G267800	SORBI_3001G267701-SORBI_3001G267800			
S08_50786041	08	50786041	A	T	intergenic_region	MODIFIER	SORBI_3008G109300-SORBI_3008G109400	SORBI_3008G109300-SORBI_3008G109400			
S01_27197407	01	27197407	A	C	3_prime_UTR_variant	MODIFIER	SORBI_3001G251900	SORBI_3001G251900			
S03_35827075	03	35827075	G	A	intergenic_region	MODIFIER	SORBI_3003G170966-SORBI_3003G171032	SORBI_3003G170966-SORBI_3003G171032			
S04_35252218	04	35252218	C	T	intergenic_region	MODIFIER	SORBI_3004G136366-SORBI_3004G136400	SORBI_3004G136366-SORBI_3004G136400			
S01_61931287	01	61931287	C	T	intergenic_region	MODIFIER	SORBI_3001G331200-SORBI_3001G331301	SORBI_3001G331200-SORBI_3001G331301			
S10_45243188	10	45243188	G	A	intergenic_region	MODIFIER	SORBI_3010G154150-SORBI_3010G154300	SORBI_3010G154150-SORBI_3010G154300			
S01_21372480	01	21372480	C	T	intergenic_region	MODIFIER	SORBI_3001G223100-SORBI_3001G223200	SORBI_3001G223100-SORBI_3001G223200			
S10_12620183	10	12620183	C	T	downstream_gene_variant	MODIFIER	SORBI_3010G116200	SORBI_3010G116200			
S09_24480054	09	24480054	C	T	intergenic_region	MODIFIER	SORBI_3009G093900-SORBI_3009G094200	SORBI_3009G093900-SORBI_3009G094200			
S10_44316432	10	44316432	A	G	intergenic_region	MODIFIER	SORBI_3010G152600-SORBI_3010G152700	SORBI_3010G152600-SORBI_3010G152700			
S10_11229363	10	11229363	C	T	upstream_gene_variant	MODIFIER	SORBI_3010G111450	SORBI_3010G111450			
S10_42201723	10	42201723	T	G	intergenic_region	MODIFIER	SORBI_3010G147200-SORBI_3010G147250	SORBI_3010G147200-SORBI_3010G147250			
S03_19178065	03	19178065	G	A	intergenic_region	MODIFIER	SORBI_3003G161200-SORBI_3003G161300	SORBI_3003G161200-SORBI_3003G161300			
S05_37003592	05	37003592	A	G	intergenic_region	MODIFIER	SORBI_3005G111800-SORBI_3005G111900	SORBI_3005G111800-SORBI_3005G111900			
S08_29265057	08	29265057	G	A	intergenic_region	MODIFIER	SORBI_3008G088887-SORBI_3008G088890	SORBI_3008G088887-SORBI_3008G088890			
S10_51246419	10	51246419	C	T	intergenic_region	MODIFIER	SORBI_3010G175400-SORBI_3010G175700	SORBI_3010G175400-SORBI_3010G175700			
S04_33750606	04	33750606	G	A	intergenic_region	MODIFIER	SORBI_3004G135700-SORBI_3004G135800	SORBI_3004G135700-SORBI_3004G135800			
S08_19168572	08	19168572	G	C	intergenic_region	MODIFIER	SORBI_3008G088450-SORBI_3008G088500	SORBI_3008G088450-SORBI_3008G088500			
S09_39474222	09	39474222	A	G	intergenic_region	MODIFIER	SORBI_3009G100200-SORBI_3009G100300	SORBI_3009G100200-SORBI_3009G100300			
S10_24243965	10	24243965	C	CT	intergenic_region	MODIFIER	SORBI_3010G139550-SORBI_3010G139600	SORBI_3010G139550-SORBI_3010G139600			
S04_39771590	04	39771590	C	T	intergenic_region	MODIFIER	SORBI_3004G138800-SORBI_3004G138850	SORBI_3004G138800-SORBI_3004G138850			
S08_32393465	08	32393465	C	T	intergenic_region	MODIFIER	SORBI_3008G089366-SORBI_3008G089500	SORBI_3008G089366-SORBI_3008G089500			
S04_32773040	04	32773040	G	A	intergenic_region	MODIFIER	SORBI_3004G135366-SORBI_3004G135400	SORBI_3004G135366-SORBI_3004G135400			
S05_19751811	05	19751811	C	T	intergenic_region	MODIFIER	SORBI_3005G105600-SORBI_3005G105700	SORBI_3005G105600-SORBI_3005G105700			
S02_68943632	02	68943632	C	G	upstream_gene_variant	MODIFIER	SORBI_3002G316301	SORBI_3002G316301			
S08_53874272	08	53874272	C	T	intergenic_region	MODIFIER	SORBI_3008G121400-SORBI_3008G121501	SORBI_3008G121400-SORBI_3008G121501			
S03_30622426	03	30622426	A	G	intergenic_region	MODIFIER	SORBI_3003G170300-SORBI_3003G170366	SORBI_3003G170300-SORBI_3003G170366			
S09_16650536	09	16650536	A	G	intergenic_region	MODIFIER	SORBI_3009G089700-SORBI_3009G089800	SORBI_3009G089700-SORBI_3009G089800			
S06_56767206	06	56767206	G	A	upstream_gene_variant	MODIFIER	sbi-MIR171k	ENSRNA049996046			
S05_40679993	05	40679993	G	A	intergenic_region	MODIFIER	SORBI_3005G113101-SORBI_3005G113300	SORBI_3005G113101-SORBI_3005G113300			
S08_32891091	08	32891091	C	T	downstream_gene_variant	MODIFIER	SORBI_3008G089800	SORBI_3008G089800			
